phase,case,leg,revision,metric,value,unit,accepted
post,zero_identity,ref_a,post-final-abba,gpu_main_median_us,164.640,us,true
post,zero_identity,candidate_a,post-final-abba,gpu_main_median_us,135.640,us,true
post,zero_identity,candidate_b,post-final-abba,gpu_main_median_us,135.880,us,true
post,zero_identity,ref_b,post-final-abba,gpu_main_median_us,169.400,us,true
post,ordered_mixed,ref_a,post-final-abba,gpu_main_median_us,305.240,us,true
post,ordered_mixed,candidate_a,post-final-abba,gpu_main_median_us,195.280,us,true
post,ordered_mixed,candidate_b,post-final-abba,gpu_main_median_us,197.280,us,true
post,ordered_mixed,ref_b,post-final-abba,gpu_main_median_us,303.000,us,true
post,ordered_active_ref,ref_a,post-final-abba,gpu_main_median_us,191.520,us,true
post,ordered_active_ref,candidate_a,post-final-abba,gpu_main_median_us,188.960,us,true
post,ordered_active_ref,candidate_b,post-final-abba,gpu_main_median_us,188.960,us,true
post,ordered_active_ref,ref_b,post-final-abba,gpu_main_median_us,193.480,us,true
post,alpha_active_ref,ref_a,post-final-abba,gpu_main_median_us,135.160,us,true
post,alpha_active_ref,candidate_a,post-final-abba,gpu_main_median_us,143.080,us,true
post,alpha_active_ref,candidate_b,post-final-abba,gpu_main_median_us,133.440,us,true
post,alpha_active_ref,ref_b,post-final-abba,gpu_main_median_us,135.960,us,true
post,alpha_mixed,ref_a,post-final-abba,gpu_main_median_us,141.560,us,true
post,alpha_mixed,candidate_a,post-final-abba,gpu_main_median_us,141.880,us,true
post,alpha_mixed,candidate_b,post-final-abba,gpu_main_median_us,135.920,us,true
post,alpha_mixed,ref_b,post-final-abba,gpu_main_median_us,146.360,us,true
sparse,transform_1k,ref_a,sparse-final-abba,gpu_3d_us,62,us,true
sparse,transform_1k,ref_a,sparse-final-abba,gpu_main_median_us,121.280,us,true
sparse,transform_1k,ref_a,sparse-final-abba,draw_calls_3d,1,count,true
sparse,transform_1k,ref_a,sparse-final-abba,instances_3d,1000,count,true
sparse,transform_1k,candidate_a,sparse-final-abba,gpu_3d_us,16,us,true
sparse,transform_1k,candidate_a,sparse-final-abba,gpu_main_median_us,122.520,us,true
sparse,transform_1k,candidate_a,sparse-final-abba,draw_calls_3d,1,count,true
sparse,transform_1k,candidate_a,sparse-final-abba,instances_3d,1000,count,true
sparse,transform_1k,candidate_b,sparse-final-abba,gpu_3d_us,14,us,true
sparse,transform_1k,candidate_b,sparse-final-abba,gpu_main_median_us,121.680,us,true
sparse,transform_1k,candidate_b,sparse-final-abba,draw_calls_3d,1,count,true
sparse,transform_1k,candidate_b,sparse-final-abba,instances_3d,1000,count,true
sparse,transform_1k,ref_b,sparse-final-abba,gpu_3d_us,72,us,true
sparse,transform_1k,ref_b,sparse-final-abba,gpu_main_median_us,127.080,us,true
sparse,transform_1k,ref_b,sparse-final-abba,draw_calls_3d,1,count,true
sparse,transform_1k,ref_b,sparse-final-abba,instances_3d,1000,count,true
sparse,transform_10k,ref_a,sparse-final-abba,gpu_3d_us,739,us,true
sparse,transform_10k,ref_a,sparse-final-abba,gpu_main_median_us,220.760,us,true
sparse,transform_10k,ref_a,sparse-final-abba,draw_calls_3d,1,count,true
sparse,transform_10k,ref_a,sparse-final-abba,instances_3d,10000,count,true
sparse,transform_10k,candidate_a,sparse-final-abba,gpu_3d_us,127,us,true
sparse,transform_10k,candidate_a,sparse-final-abba,gpu_main_median_us,180.720,us,true
sparse,transform_10k,candidate_a,sparse-final-abba,draw_calls_3d,1,count,true
sparse,transform_10k,candidate_a,sparse-final-abba,instances_3d,10000,count,true
sparse,transform_10k,candidate_b,sparse-final-abba,gpu_3d_us,128,us,true
sparse,transform_10k,candidate_b,sparse-final-abba,gpu_main_median_us,182.320,us,true
sparse,transform_10k,candidate_b,sparse-final-abba,draw_calls_3d,1,count,true
sparse,transform_10k,candidate_b,sparse-final-abba,instances_3d,10000,count,true
sparse,transform_10k,ref_b,sparse-final-abba,gpu_3d_us,691,us,true
sparse,transform_10k,ref_b,sparse-final-abba,gpu_main_median_us,219.200,us,true
sparse,transform_10k,ref_b,sparse-final-abba,draw_calls_3d,1,count,true
sparse,transform_10k,ref_b,sparse-final-abba,instances_3d,10000,count,true
ssao,blur_center_reuse,ref_a,shader-final-abba,gpu_timestamp_median,121480,ns,true
ssao,blur_center_reuse,candidate_a,shader-final-abba,gpu_timestamp_median,110160,ns,true
ssao,blur_center_reuse,candidate_b,shader-final-abba,gpu_timestamp_median,110320,ns,true
ssao,blur_center_reuse,ref_b,shader-final-abba,gpu_timestamp_median,121360,ns,true
ssao,blur_center_reuse,ref_a,shader-final-abba,gpu_timestamp_p95,122560,ns,true
ssao,blur_center_reuse,candidate_a,shader-final-abba,gpu_timestamp_p95,111440,ns,true
ssao,blur_center_reuse,candidate_b,shader-final-abba,gpu_timestamp_p95,111760,ns,true
ssao,blur_center_reuse,ref_b,shader-final-abba,gpu_timestamp_p95,123000,ns,true
depth,no_mod,ref_a,shader-abba,gpu_timestamp,989320,ns,false
depth,no_mod,candidate_a,shader-abba,gpu_timestamp,988840,ns,false
depth,no_mod,candidate_b,shader-abba,gpu_timestamp,989720,ns,false
depth,no_mod,ref_b,shader-abba,gpu_timestamp,990520,ns,false
cpu_ingest,idle,ref_a,baab,criterion_time_estimate,1.2895,us,false
cpu_ingest,idle,candidate_a,baab,criterion_time_estimate,1.2799,us,false
cpu_ingest,idle,candidate_b,baab,criterion_time_estimate,1.2726,us,false
cpu_ingest,idle,ref_b,baab,criterion_time_estimate,1.2796,us,false
cpu_ingest,one,ref_a,baab,criterion_time_estimate,1.7040,us,false
cpu_ingest,one,candidate_a,baab,criterion_time_estimate,1.7408,us,false
cpu_ingest,one,candidate_b,baab,criterion_time_estimate,1.7523,us,false
cpu_ingest,one,ref_b,baab,criterion_time_estimate,1.7319,us,false
cpu_ingest,all,ref_a,baab,criterion_time_estimate,4.4617,ms,false
cpu_ingest,all,candidate_a,baab,criterion_time_estimate,4.4559,ms,false
cpu_ingest,all,candidate_b,baab,criterion_time_estimate,4.5197,ms,false
cpu_ingest,all,ref_b,baab,criterion_time_estimate,5.2214,ms,false
material,shader_variant_plain_generic,ref_a,material-final-abba,gpu_main_median_us,126.080,us,false
material,shader_variant_plain_generic,ref_a,material-final-abba,gpu_3d_us,142,us,false
material,shader_variant_plain_generic,ref_a,material-final-abba,gpu_shadow_us,2,us,false
material,shader_variant_plain_generic,ref_a,material-final-abba,shadow_layers_per_frame,0,count,false
material,shader_variant_plain_generic,ref_a,material-final-abba,shadow_draw_calls_per_frame,0,count,false
material,shader_variant_plain_auto,ref_a,material-final-abba,gpu_main_median_us,129.320,us,false
material,shader_variant_plain_auto,ref_a,material-final-abba,gpu_3d_us,142,us,false
material,shader_variant_plain_auto,ref_a,material-final-abba,gpu_shadow_us,2,us,false
material,shader_variant_plain_auto,ref_a,material-final-abba,shadow_layers_per_frame,0,count,false
material,shader_variant_plain_auto,ref_a,material-final-abba,shadow_draw_calls_per_frame,0,count,false
material,shader_variant_textured_generic,ref_a,material-final-abba,gpu_main_median_us,236.240,us,false
material,shader_variant_textured_generic,ref_a,material-final-abba,gpu_3d_us,31,us,false
material,shader_variant_textured_generic,ref_a,material-final-abba,gpu_shadow_us,2,us,false
material,shader_variant_textured_generic,ref_a,material-final-abba,shadow_layers_per_frame,0,count,false
material,shader_variant_textured_generic,ref_a,material-final-abba,shadow_draw_calls_per_frame,0,count,false
material,shader_variant_textured_auto,ref_a,material-final-abba,gpu_main_median_us,235.760,us,false
material,shader_variant_textured_auto,ref_a,material-final-abba,gpu_3d_us,31,us,false
material,shader_variant_textured_auto,ref_a,material-final-abba,gpu_shadow_us,2,us,false
material,shader_variant_textured_auto,ref_a,material-final-abba,shadow_layers_per_frame,0,count,false
material,shader_variant_textured_auto,ref_a,material-final-abba,shadow_draw_calls_per_frame,0,count,false
material,shader_variant_shadow_heavy_generic,ref_a,material-final-abba,gpu_main_median_us,244.480,us,false
material,shader_variant_shadow_heavy_generic,ref_a,material-final-abba,gpu_3d_us,38,us,false
material,shader_variant_shadow_heavy_generic,ref_a,material-final-abba,gpu_shadow_us,3,us,false
material,shader_variant_shadow_heavy_generic,ref_a,material-final-abba,shadow_layers_per_frame,0,count,false
material,shader_variant_shadow_heavy_generic,ref_a,material-final-abba,shadow_draw_calls_per_frame,0,count,false
material,shader_variant_shadow_heavy_auto,ref_a,material-final-abba,gpu_main_median_us,229.360,us,false
material,shader_variant_shadow_heavy_auto,ref_a,material-final-abba,gpu_3d_us,45,us,false
material,shader_variant_shadow_heavy_auto,ref_a,material-final-abba,gpu_shadow_us,2,us,false
material,shader_variant_shadow_heavy_auto,ref_a,material-final-abba,shadow_layers_per_frame,0,count,false
material,shader_variant_shadow_heavy_auto,ref_a,material-final-abba,shadow_draw_calls_per_frame,0,count,false
material,shader_variant_plain_generic,candidate_a,material-final-abba,gpu_main_median_us,144.360,us,false
material,shader_variant_plain_generic,candidate_a,material-final-abba,gpu_3d_us,275,us,false
material,shader_variant_plain_generic,candidate_a,material-final-abba,gpu_shadow_us,2,us,false
material,shader_variant_plain_generic,candidate_a,material-final-abba,shadow_layers_per_frame,0,count,false
material,shader_variant_plain_generic,candidate_a,material-final-abba,shadow_draw_calls_per_frame,0,count,false
material,shader_variant_plain_auto,candidate_a,material-final-abba,gpu_main_median_us,132.520,us,false
material,shader_variant_plain_auto,candidate_a,material-final-abba,gpu_3d_us,209,us,false
material,shader_variant_plain_auto,candidate_a,material-final-abba,gpu_shadow_us,2,us,false
material,shader_variant_plain_auto,candidate_a,material-final-abba,shadow_layers_per_frame,0,count,false
material,shader_variant_plain_auto,candidate_a,material-final-abba,shadow_draw_calls_per_frame,0,count,false
material,shader_variant_textured_generic,candidate_a,material-final-abba,gpu_main_median_us,236.600,us,false
material,shader_variant_textured_generic,candidate_a,material-final-abba,gpu_3d_us,36,us,false
material,shader_variant_textured_generic,candidate_a,material-final-abba,gpu_shadow_us,2,us,false
material,shader_variant_textured_generic,candidate_a,material-final-abba,shadow_layers_per_frame,0,count,false
material,shader_variant_textured_generic,candidate_a,material-final-abba,shadow_draw_calls_per_frame,0,count,false
material,shader_variant_textured_auto,candidate_a,material-final-abba,gpu_main_median_us,233.880,us,false
material,shader_variant_textured_auto,candidate_a,material-final-abba,gpu_3d_us,33,us,false
material,shader_variant_textured_auto,candidate_a,material-final-abba,gpu_shadow_us,2,us,false
material,shader_variant_textured_auto,candidate_a,material-final-abba,shadow_layers_per_frame,0,count,false
material,shader_variant_textured_auto,candidate_a,material-final-abba,shadow_draw_calls_per_frame,0,count,false
material,shader_variant_shadow_heavy_generic,candidate_a,material-final-abba,gpu_main_median_us,233.080,us,false
material,shader_variant_shadow_heavy_generic,candidate_a,material-final-abba,gpu_3d_us,39,us,false
material,shader_variant_shadow_heavy_generic,candidate_a,material-final-abba,gpu_shadow_us,2,us,false
material,shader_variant_shadow_heavy_generic,candidate_a,material-final-abba,shadow_layers_per_frame,0,count,false
material,shader_variant_shadow_heavy_generic,candidate_a,material-final-abba,shadow_draw_calls_per_frame,0,count,false
material,shader_variant_shadow_heavy_auto,candidate_a,material-final-abba,gpu_main_median_us,233.520,us,false
material,shader_variant_shadow_heavy_auto,candidate_a,material-final-abba,gpu_3d_us,40,us,false
material,shader_variant_shadow_heavy_auto,candidate_a,material-final-abba,gpu_shadow_us,2,us,false
material,shader_variant_shadow_heavy_auto,candidate_a,material-final-abba,shadow_layers_per_frame,0,count,false
material,shader_variant_shadow_heavy_auto,candidate_a,material-final-abba,shadow_draw_calls_per_frame,0,count,false
material,shader_variant_plain_generic,candidate_b,material-final-abba,gpu_main_median_us,141.440,us,false
material,shader_variant_plain_generic,candidate_b,material-final-abba,gpu_3d_us,312,us,false
material,shader_variant_plain_generic,candidate_b,material-final-abba,gpu_shadow_us,2,us,false
material,shader_variant_plain_generic,candidate_b,material-final-abba,shadow_layers_per_frame,0,count,false
material,shader_variant_plain_generic,candidate_b,material-final-abba,shadow_draw_calls_per_frame,0,count,false
material,shader_variant_plain_auto,candidate_b,material-final-abba,gpu_main_median_us,141.160,us,false
material,shader_variant_plain_auto,candidate_b,material-final-abba,gpu_3d_us,241,us,false
material,shader_variant_plain_auto,candidate_b,material-final-abba,gpu_shadow_us,2,us,false
material,shader_variant_plain_auto,candidate_b,material-final-abba,shadow_layers_per_frame,0,count,false
material,shader_variant_plain_auto,candidate_b,material-final-abba,shadow_draw_calls_per_frame,0,count,false
material,shader_variant_textured_generic,candidate_b,material-final-abba,gpu_main_median_us,250.520,us,false
material,shader_variant_textured_generic,candidate_b,material-final-abba,gpu_3d_us,37,us,false
material,shader_variant_textured_generic,candidate_b,material-final-abba,gpu_shadow_us,2,us,false
material,shader_variant_textured_generic,candidate_b,material-final-abba,shadow_layers_per_frame,0,count,false
material,shader_variant_textured_generic,candidate_b,material-final-abba,shadow_draw_calls_per_frame,0,count,false
material,shader_variant_textured_auto,candidate_b,material-final-abba,gpu_main_median_us,235.600,us,false
material,shader_variant_textured_auto,candidate_b,material-final-abba,gpu_3d_us,33,us,false
material,shader_variant_textured_auto,candidate_b,material-final-abba,gpu_shadow_us,2,us,false
material,shader_variant_textured_auto,candidate_b,material-final-abba,shadow_layers_per_frame,0,count,false
material,shader_variant_textured_auto,candidate_b,material-final-abba,shadow_draw_calls_per_frame,0,count,false
material,shader_variant_shadow_heavy_generic,candidate_b,material-final-abba,gpu_main_median_us,242.960,us,false
material,shader_variant_shadow_heavy_generic,candidate_b,material-final-abba,gpu_3d_us,37,us,false
material,shader_variant_shadow_heavy_generic,candidate_b,material-final-abba,gpu_shadow_us,4,us,false
material,shader_variant_shadow_heavy_generic,candidate_b,material-final-abba,shadow_layers_per_frame,0,count,false
material,shader_variant_shadow_heavy_generic,candidate_b,material-final-abba,shadow_draw_calls_per_frame,0,count,false
material,shader_variant_shadow_heavy_auto,candidate_b,material-final-abba,gpu_main_median_us,234.080,us,false
material,shader_variant_shadow_heavy_auto,candidate_b,material-final-abba,gpu_3d_us,43,us,false
material,shader_variant_shadow_heavy_auto,candidate_b,material-final-abba,gpu_shadow_us,2,us,false
material,shader_variant_shadow_heavy_auto,candidate_b,material-final-abba,shadow_layers_per_frame,0,count,false
material,shader_variant_shadow_heavy_auto,candidate_b,material-final-abba,shadow_draw_calls_per_frame,0,count,false
material,shader_variant_plain_generic,ref_b,material-final-abba,gpu_main_median_us,141.800,us,false
material,shader_variant_plain_generic,ref_b,material-final-abba,gpu_3d_us,300,us,false
material,shader_variant_plain_generic,ref_b,material-final-abba,gpu_shadow_us,2,us,false
material,shader_variant_plain_generic,ref_b,material-final-abba,shadow_layers_per_frame,0,count,false
material,shader_variant_plain_generic,ref_b,material-final-abba,shadow_draw_calls_per_frame,0,count,false
material,shader_variant_plain_auto,ref_b,material-final-abba,gpu_main_median_us,142.360,us,false
material,shader_variant_plain_auto,ref_b,material-final-abba,gpu_3d_us,252,us,false
material,shader_variant_plain_auto,ref_b,material-final-abba,gpu_shadow_us,2,us,false
material,shader_variant_plain_auto,ref_b,material-final-abba,shadow_layers_per_frame,0,count,false
material,shader_variant_plain_auto,ref_b,material-final-abba,shadow_draw_calls_per_frame,0,count,false
material,shader_variant_textured_generic,ref_b,material-final-abba,gpu_main_median_us,240.760,us,false
material,shader_variant_textured_generic,ref_b,material-final-abba,gpu_3d_us,38,us,false
material,shader_variant_textured_generic,ref_b,material-final-abba,gpu_shadow_us,2,us,false
material,shader_variant_textured_generic,ref_b,material-final-abba,shadow_layers_per_frame,0,count,false
material,shader_variant_textured_generic,ref_b,material-final-abba,shadow_draw_calls_per_frame,0,count,false
material,shader_variant_textured_auto,ref_b,material-final-abba,gpu_main_median_us,224.680,us,false
material,shader_variant_textured_auto,ref_b,material-final-abba,gpu_3d_us,33,us,false
material,shader_variant_textured_auto,ref_b,material-final-abba,gpu_shadow_us,2,us,false
material,shader_variant_textured_auto,ref_b,material-final-abba,shadow_layers_per_frame,0,count,false
material,shader_variant_textured_auto,ref_b,material-final-abba,shadow_draw_calls_per_frame,0,count,false
material,shader_variant_shadow_heavy_generic,ref_b,material-final-abba,gpu_main_median_us,241.000,us,false
material,shader_variant_shadow_heavy_generic,ref_b,material-final-abba,gpu_3d_us,37,us,false
material,shader_variant_shadow_heavy_generic,ref_b,material-final-abba,gpu_shadow_us,2,us,false
material,shader_variant_shadow_heavy_generic,ref_b,material-final-abba,shadow_layers_per_frame,0,count,false
material,shader_variant_shadow_heavy_generic,ref_b,material-final-abba,shadow_draw_calls_per_frame,0,count,false
material,shader_variant_shadow_heavy_auto,ref_b,material-final-abba,gpu_main_median_us,235.320,us,false
material,shader_variant_shadow_heavy_auto,ref_b,material-final-abba,gpu_3d_us,40,us,false
material,shader_variant_shadow_heavy_auto,ref_b,material-final-abba,gpu_shadow_us,2,us,false
material,shader_variant_shadow_heavy_auto,ref_b,material-final-abba,shadow_layers_per_frame,0,count,false
material,shader_variant_shadow_heavy_auto,ref_b,material-final-abba,shadow_draw_calls_per_frame,0,count,false
shadow,moving_shadow_lights,ref_a,shadow-final-abba,gpu_main_median_us,160.240,us,false
shadow,moving_shadow_lights,ref_a,shadow-final-abba,gpu_3d_us,58,us,false
shadow,moving_shadow_lights,ref_a,shadow-final-abba,gpu_shadow_us,28,us,false
shadow,moving_shadow_lights,ref_a,shadow-final-abba,shadow_layers_per_frame,8,count,false
shadow,moving_shadow_lights,ref_a,shadow-final-abba,shadow_draw_calls_per_frame,2,count,false
shadow,shadow_batches_256,ref_a,shadow-final-abba,gpu_main_median_us,198.480,us,false
shadow,shadow_batches_256,ref_a,shadow-final-abba,gpu_3d_us,46,us,false
shadow,shadow_batches_256,ref_a,shadow-final-abba,gpu_shadow_us,24,us,false
shadow,shadow_batches_256,ref_a,shadow-final-abba,shadow_layers_per_frame,1,count,false
shadow,shadow_batches_256,ref_a,shadow-final-abba,shadow_draw_calls_per_frame,256,count,false
shadow,shadow_moving_non_caster,ref_a,shadow-final-abba,gpu_main_median_us,220.400,us,false
shadow,shadow_moving_non_caster,ref_a,shadow-final-abba,gpu_3d_us,31,us,false
shadow,shadow_moving_non_caster,ref_a,shadow-final-abba,gpu_shadow_us,2,us,false
shadow,shadow_moving_non_caster,ref_a,shadow-final-abba,shadow_layers_per_frame,0,count,false
shadow,shadow_moving_non_caster,ref_a,shadow-final-abba,shadow_draw_calls_per_frame,0,count,false
shadow,shadow_moving_caster_control,ref_a,shadow-final-abba,gpu_main_median_us,256.560,us,false
shadow,shadow_moving_caster_control,ref_a,shadow-final-abba,gpu_3d_us,52,us,false
shadow,shadow_moving_caster_control,ref_a,shadow-final-abba,gpu_shadow_us,48,us,false
shadow,shadow_moving_caster_control,ref_a,shadow-final-abba,shadow_layers_per_frame,7,count,false
shadow,shadow_moving_caster_control,ref_a,shadow-final-abba,shadow_draw_calls_per_frame,2,count,false
shadow,shader_variant_shadow_heavy_generic,ref_a,shadow-final-abba,gpu_main_median_us,241.920,us,false
shadow,shader_variant_shadow_heavy_generic,ref_a,shadow-final-abba,gpu_3d_us,37,us,false
shadow,shader_variant_shadow_heavy_generic,ref_a,shadow-final-abba,gpu_shadow_us,2,us,false
shadow,shader_variant_shadow_heavy_generic,ref_a,shadow-final-abba,shadow_layers_per_frame,0,count,false
shadow,shader_variant_shadow_heavy_generic,ref_a,shadow-final-abba,shadow_draw_calls_per_frame,0,count,false
shadow,shader_variant_shadow_heavy_auto,ref_a,shadow-final-abba,gpu_main_median_us,237.040,us,false
shadow,shader_variant_shadow_heavy_auto,ref_a,shadow-final-abba,gpu_3d_us,37,us,false
shadow,shader_variant_shadow_heavy_auto,ref_a,shadow-final-abba,gpu_shadow_us,2,us,false
shadow,shader_variant_shadow_heavy_auto,ref_a,shadow-final-abba,shadow_layers_per_frame,0,count,false
shadow,shader_variant_shadow_heavy_auto,ref_a,shadow-final-abba,shadow_draw_calls_per_frame,0,count,false
shadow,moving_shadow_lights,candidate_a,shadow-final-abba,gpu_main_median_us,183.760,us,false
shadow,moving_shadow_lights,candidate_a,shadow-final-abba,gpu_3d_us,91,us,false
shadow,moving_shadow_lights,candidate_a,shadow-final-abba,gpu_shadow_us,30,us,false
shadow,moving_shadow_lights,candidate_a,shadow-final-abba,shadow_layers_per_frame,8,count,false
shadow,moving_shadow_lights,candidate_a,shadow-final-abba,shadow_draw_calls_per_frame,2,count,false
shadow,shadow_batches_256,candidate_a,shadow-final-abba,gpu_main_median_us,234.320,us,false
shadow,shadow_batches_256,candidate_a,shadow-final-abba,gpu_3d_us,73,us,false
shadow,shadow_batches_256,candidate_a,shadow-final-abba,gpu_shadow_us,27,us,false
shadow,shadow_batches_256,candidate_a,shadow-final-abba,shadow_layers_per_frame,1,count,false
shadow,shadow_batches_256,candidate_a,shadow-final-abba,shadow_draw_calls_per_frame,256,count,false
shadow,shadow_moving_non_caster,candidate_a,shadow-final-abba,gpu_main_median_us,228.000,us,false
shadow,shadow_moving_non_caster,candidate_a,shadow-final-abba,gpu_3d_us,19,us,false
shadow,shadow_moving_non_caster,candidate_a,shadow-final-abba,gpu_shadow_us,2,us,false
shadow,shadow_moving_non_caster,candidate_a,shadow-final-abba,shadow_layers_per_frame,0,count,false
shadow,shadow_moving_non_caster,candidate_a,shadow-final-abba,shadow_draw_calls_per_frame,0,count,false
shadow,shadow_moving_caster_control,candidate_a,shadow-final-abba,gpu_main_median_us,255.720,us,false
shadow,shadow_moving_caster_control,candidate_a,shadow-final-abba,gpu_3d_us,44,us,false
shadow,shadow_moving_caster_control,candidate_a,shadow-final-abba,gpu_shadow_us,48,us,false
shadow,shadow_moving_caster_control,candidate_a,shadow-final-abba,shadow_layers_per_frame,7,count,false
shadow,shadow_moving_caster_control,candidate_a,shadow-final-abba,shadow_draw_calls_per_frame,2,count,false
shadow,shader_variant_shadow_heavy_generic,candidate_a,shadow-final-abba,gpu_main_median_us,242.080,us,false
shadow,shader_variant_shadow_heavy_generic,candidate_a,shadow-final-abba,gpu_3d_us,38,us,false
shadow,shader_variant_shadow_heavy_generic,candidate_a,shadow-final-abba,gpu_shadow_us,2,us,false
shadow,shader_variant_shadow_heavy_generic,candidate_a,shadow-final-abba,shadow_layers_per_frame,0,count,false
shadow,shader_variant_shadow_heavy_generic,candidate_a,shadow-final-abba,shadow_draw_calls_per_frame,0,count,false
shadow,shader_variant_shadow_heavy_auto,candidate_a,shadow-final-abba,gpu_main_median_us,234.200,us,false
shadow,shader_variant_shadow_heavy_auto,candidate_a,shadow-final-abba,gpu_3d_us,38,us,false
shadow,shader_variant_shadow_heavy_auto,candidate_a,shadow-final-abba,gpu_shadow_us,2,us,false
shadow,shader_variant_shadow_heavy_auto,candidate_a,shadow-final-abba,shadow_layers_per_frame,0,count,false
shadow,shader_variant_shadow_heavy_auto,candidate_a,shadow-final-abba,shadow_draw_calls_per_frame,0,count,false
shadow,moving_shadow_lights,candidate_b,shadow-final-abba,gpu_main_median_us,185.800,us,false
shadow,moving_shadow_lights,candidate_b,shadow-final-abba,gpu_3d_us,100,us,false
shadow,moving_shadow_lights,candidate_b,shadow-final-abba,gpu_shadow_us,31,us,false
shadow,moving_shadow_lights,candidate_b,shadow-final-abba,shadow_layers_per_frame,8,count,false
shadow,moving_shadow_lights,candidate_b,shadow-final-abba,shadow_draw_calls_per_frame,2,count,false
shadow,shadow_batches_256,candidate_b,shadow-final-abba,gpu_main_median_us,234.960,us,false
shadow,shadow_batches_256,candidate_b,shadow-final-abba,gpu_3d_us,77,us,false
shadow,shadow_batches_256,candidate_b,shadow-final-abba,gpu_shadow_us,28,us,false
shadow,shadow_batches_256,candidate_b,shadow-final-abba,shadow_layers_per_frame,1,count,false
shadow,shadow_batches_256,candidate_b,shadow-final-abba,shadow_draw_calls_per_frame,256,count,false
shadow,shadow_moving_non_caster,candidate_b,shadow-final-abba,gpu_main_median_us,218.800,us,false
shadow,shadow_moving_non_caster,candidate_b,shadow-final-abba,gpu_3d_us,19,us,false
shadow,shadow_moving_non_caster,candidate_b,shadow-final-abba,gpu_shadow_us,2,us,false
shadow,shadow_moving_non_caster,candidate_b,shadow-final-abba,shadow_layers_per_frame,0,count,false
shadow,shadow_moving_non_caster,candidate_b,shadow-final-abba,shadow_draw_calls_per_frame,0,count,false
shadow,shadow_moving_caster_control,candidate_b,shadow-final-abba,gpu_main_median_us,250.600,us,false
shadow,shadow_moving_caster_control,candidate_b,shadow-final-abba,gpu_3d_us,49,us,false
shadow,shadow_moving_caster_control,candidate_b,shadow-final-abba,gpu_shadow_us,48,us,false
shadow,shadow_moving_caster_control,candidate_b,shadow-final-abba,shadow_layers_per_frame,7,count,false
shadow,shadow_moving_caster_control,candidate_b,shadow-final-abba,shadow_draw_calls_per_frame,2,count,false
shadow,shader_variant_shadow_heavy_generic,candidate_b,shadow-final-abba,gpu_main_median_us,242.680,us,false
shadow,shader_variant_shadow_heavy_generic,candidate_b,shadow-final-abba,gpu_3d_us,37,us,false
shadow,shader_variant_shadow_heavy_generic,candidate_b,shadow-final-abba,gpu_shadow_us,2,us,false
shadow,shader_variant_shadow_heavy_generic,candidate_b,shadow-final-abba,shadow_layers_per_frame,0,count,false
shadow,shader_variant_shadow_heavy_generic,candidate_b,shadow-final-abba,shadow_draw_calls_per_frame,0,count,false
shadow,shader_variant_shadow_heavy_auto,candidate_b,shadow-final-abba,gpu_main_median_us,235.000,us,false
shadow,shader_variant_shadow_heavy_auto,candidate_b,shadow-final-abba,gpu_3d_us,37,us,false
shadow,shader_variant_shadow_heavy_auto,candidate_b,shadow-final-abba,gpu_shadow_us,2,us,false
shadow,shader_variant_shadow_heavy_auto,candidate_b,shadow-final-abba,shadow_layers_per_frame,0,count,false
shadow,shader_variant_shadow_heavy_auto,candidate_b,shadow-final-abba,shadow_draw_calls_per_frame,0,count,false
shadow,moving_shadow_lights,ref_b,shadow-final-abba,gpu_main_median_us,186.600,us,false
shadow,moving_shadow_lights,ref_b,shadow-final-abba,gpu_3d_us,116,us,false
shadow,moving_shadow_lights,ref_b,shadow-final-abba,gpu_shadow_us,32,us,false
shadow,moving_shadow_lights,ref_b,shadow-final-abba,shadow_layers_per_frame,8,count,false
shadow,moving_shadow_lights,ref_b,shadow-final-abba,shadow_draw_calls_per_frame,2,count,false
shadow,shadow_batches_256,ref_b,shadow-final-abba,gpu_main_median_us,230.120,us,false
shadow,shadow_batches_256,ref_b,shadow-final-abba,gpu_3d_us,79,us,false
shadow,shadow_batches_256,ref_b,shadow-final-abba,gpu_shadow_us,28,us,false
shadow,shadow_batches_256,ref_b,shadow-final-abba,shadow_layers_per_frame,1,count,false
shadow,shadow_batches_256,ref_b,shadow-final-abba,shadow_draw_calls_per_frame,256,count,false
shadow,shadow_moving_non_caster,ref_b,shadow-final-abba,gpu_main_median_us,218.800,us,false
shadow,shadow_moving_non_caster,ref_b,shadow-final-abba,gpu_3d_us,41,us,false
shadow,shadow_moving_non_caster,ref_b,shadow-final-abba,gpu_shadow_us,2,us,false
shadow,shadow_moving_non_caster,ref_b,shadow-final-abba,shadow_layers_per_frame,0,count,false
shadow,shadow_moving_non_caster,ref_b,shadow-final-abba,shadow_draw_calls_per_frame,0,count,false
shadow,shadow_moving_caster_control,ref_b,shadow-final-abba,gpu_main_median_us,257.400,us,false
shadow,shadow_moving_caster_control,ref_b,shadow-final-abba,gpu_3d_us,78,us,false
shadow,shadow_moving_caster_control,ref_b,shadow-final-abba,gpu_shadow_us,49,us,false
shadow,shadow_moving_caster_control,ref_b,shadow-final-abba,shadow_layers_per_frame,7,count,false
shadow,shadow_moving_caster_control,ref_b,shadow-final-abba,shadow_draw_calls_per_frame,2,count,false
shadow,shader_variant_shadow_heavy_generic,ref_b,shadow-final-abba,gpu_main_median_us,243.240,us,false
shadow,shader_variant_shadow_heavy_generic,ref_b,shadow-final-abba,gpu_3d_us,38,us,false
shadow,shader_variant_shadow_heavy_generic,ref_b,shadow-final-abba,gpu_shadow_us,2,us,false
shadow,shader_variant_shadow_heavy_generic,ref_b,shadow-final-abba,shadow_layers_per_frame,0,count,false
shadow,shader_variant_shadow_heavy_generic,ref_b,shadow-final-abba,shadow_draw_calls_per_frame,0,count,false
shadow,shader_variant_shadow_heavy_auto,ref_b,shadow-final-abba,gpu_main_median_us,238.640,us,false
shadow,shader_variant_shadow_heavy_auto,ref_b,shadow-final-abba,gpu_3d_us,40,us,false
shadow,shader_variant_shadow_heavy_auto,ref_b,shadow-final-abba,gpu_shadow_us,2,us,false
shadow,shader_variant_shadow_heavy_auto,ref_b,shadow-final-abba,shadow_layers_per_frame,0,count,false
shadow,shader_variant_shadow_heavy_auto,ref_b,shadow-final-abba,shadow_draw_calls_per_frame,0,count,false
