case,frames,total_us,wait_us,gpu_main_us,gpu_water_us,cpu_prepare_us,gpu_2d_us,gpu_3d_us,acquire_us,encode_us,submit_us,present_us,draw_calls_2d,draw_calls_3d,instances_3d,skip_render_3d_frames,scene_passes_per_frame,gpu_main_median_us,gpu_main_p95_us,acquire_median_us,acquire_p95_us,submit_median_us,submit_p95_us,present_median_us,present_p95_us,cpu_prepare_median_us,cpu_prepare_p95_us,encode_median_us,encode_p95_us,pipeline_switches_median,pipeline_switches_p95
empty_idle,200,22,3,0,0,0,0,0,0,0,0,0,0,0,0,0,0,0.000,0.000,0.000,0.000,0.000,0.000,0.000,0.000,0.000,0.000,0.000,0.000,0,0
empty_present,200,482,150,43,2,2,0,0,183,4,112,137,0,0,0,200,0,41.760,42.960,148.800,397.100,105.300,165.400,130.200,217.300,2.100,4.100,3.400,5.800,0,0
rects_10k,200,536,183,72,2,2,12,0,175,10,157,133,1,0,0,0,2,72.400,75.920,143.000,302.500,145.600,244.000,126.200,195.400,2.100,4.700,7.700,32.700,0,0
rects_100k,200,598,269,161,2,3,16,0,188,10,187,151,1,0,0,0,2,161.400,164.400,159.000,503.800,169.800,294.300,143.600,212.400,2.800,6.000,9.500,18.200,0,0
sprites_10k_same_z,200,1046,1022,848,2,3,414,0,247,12,181,145,1,0,0,0,2,849.280,854.480,257.800,492.900,176.800,244.700,139.800,192.900,3.300,7.300,11.800,21.000,0,0
sprites_100k_same_z,200,5722,8476,7733,2,6,4697,0,463,27,262,187,1,0,0,0,2,7811.000,7829.800,449.700,679.300,239.600,387.100,175.400,267.500,6.000,11.300,26.500,39.600,0,0
sprites_10k_unique_z,200,1595,337,152,2,6,595,0,340,22,306,249,1,0,0,0,2,152.000,157.160,325.800,587.400,303.500,449.200,221.300,388.500,6.500,10.000,21.500,34.800,0,0
water_1_64,200,628,231,103,12,2,12,2,171,16,237,131,0,0,0,0,3,102.760,107.280,142.700,285.100,227.600,309.800,124.500,206.900,2.200,4.300,14.900,26.300,0,0
water_16_64_i8,200,640,246,106,13,3,12,2,171,17,245,134,0,0,0,0,3,104.120,112.480,146.600,346.200,232.700,328.000,129.900,176.100,2.400,6.200,15.600,26.100,0,0
water_64_128_i16,200,777,280,127,30,4,15,3,183,20,295,159,0,0,0,0,3,126.960,133.440,162.700,323.000,273.100,429.700,150.300,234.300,3.200,8.200,19.100,34.100,0,0
water_128_256_i32,200,783,507,354,234,4,14,3,176,21,274,151,0,0,0,0,3,347.600,448.040,152.200,367.200,260.000,389.600,144.700,206.200,3.400,7.900,19.200,35.700,0,0
water_sim_1_64,200,1112,604,344,35,5,0,50,223,56,470,199,0,0,0,0,3,337.360,433.600,192.800,388.000,427.000,669.500,191.600,279.800,5.400,9.800,57.900,80.600,0,0
water_sim_16_64_i2,200,1588,2957,2447,261,7,0,72,363,80,649,262,0,0,0,0,3,2399.160,2693.680,252.200,813.600,595.600,989.700,233.200,343.700,6.500,11.200,74.900,111.500,0,0
water_sim_64_128_i2,200,1176,10660,10106,1481,5,0,45,287,59,434,175,0,0,0,0,3,10052.680,10405.280,189.200,453.000,390.600,702.100,159.300,274.600,5.300,9.100,53.900,82.700,0,0
water_idle_calm_i2,200,635,222,97,11,2,12,2,158,17,251,135,0,0,0,0,3,97.400,100.960,141.600,262.500,239.900,373.900,130.600,187.000,2.500,5.300,15.800,25.900,0,0
water_idle_sine_i2,200,9969,8530,108,13,7,28,5,8566,38,724,394,0,0,0,0,3,104.360,118.920,224.400,40951.500,397.100,1805.400,211.100,520.800,5.800,14.900,32.400,87.700,0,0
water_idle_chop_i2,200,7393,3253,110,14,9,42,46,5090,183,1056,738,0,0,0,0,3,111.080,116.840,439.600,29451.000,504.300,4545.800,264.800,2285.700,6.600,13.600,39.600,117.600,0,0
water_idle_storm_i2,200,788,269,104,12,4,15,3,191,23,314,172,0,0,0,0,3,103.560,111.720,169.900,338.700,293.600,455.200,162.800,247.600,3.600,9.300,22.600,36.300,0,0
water_idle_river_i2,200,884,283,103,12,5,18,4,205,28,360,197,0,0,0,0,3,103.240,107.240,186.000,373.400,349.100,493.800,191.500,298.300,4.600,10.100,28.200,41.200,0,0
meshes_10k,200,26358,422,116,2,5,0,25129,573,41,367,179,0,1,10000,0,1,116.080,119.720,566.400,700.700,342.900,532.400,168.100,260.100,4.600,10.100,38.600,57.300,1,1
multimesh_dense_100k,200,853,344,190,2,4,0,66,190,28,331,175,0,1,100000,0,1,185.040,200.400,163.500,323.800,298.500,510.400,150.400,263.100,3.600,8.700,24.900,46.600,0,0
rects_post_8,200,920,473,249,2,4,15,3,182,19,415,163,1,0,0,0,2,243.320,257.240,159.000,347.300,385.300,597.800,150.900,240.600,3.600,7.700,18.800,29.700,0,0
post_bloom,200,828,379,187,2,4,14,3,180,18,359,154,1,0,0,0,2,184.880,195.640,156.300,350.000,330.500,531.300,146.000,237.600,3.200,9.400,17.500,29.300,0,0
post_blur,200,668,321,173,2,3,12,2,162,15,270,133,1,0,0,0,2,162.960,270.200,141.100,342.100,249.000,417.400,126.600,191.200,2.200,6.100,14.000,26.000,0,0
post_crt,200,1296,274,134,2,3,13,3,174,16,264,139,1,0,0,0,2,134.280,141.120,152.400,327.300,245.500,396.400,131.600,209.700,2.400,5.500,16.200,26.500,0,0
sky_clear,200,677,231,104,2,3,0,53,174,19,228,147,0,0,0,0,1,103.800,109.040,154.400,295.900,211.900,363.300,137.400,218.100,2.800,6.900,17.800,32.300,0,0
sky_clouds,200,717,231,106,2,4,0,57,187,20,237,164,0,0,0,0,1,103.800,107.880,158.200,358.900,221.200,342.300,144.500,239.700,3.200,8.300,19.400,32.900,0,0
lights_point_8,200,27177,429,117,2,5,0,25908,585,44,380,184,0,1,10000,0,1,116.760,121.640,575.600,720.400,347.300,620.400,174.300,269.100,4.900,9.600,40.600,61.900,1,1
lights_spot_8,200,31839,482,117,2,7,0,30273,704,59,479,243,0,1,10000,0,1,117.960,120.960,634.100,883.300,459.400,698.100,218.300,315.100,6.700,11.500,53.600,77.700,1,1
overdraw_mesh_stack_2k,200,7865,476,125,2,7,0,6297,629,55,526,252,0,1,2000,0,1,125.440,127.240,587.100,834.700,477.200,960.800,229.200,457.600,6.700,13.800,55.200,78.100,1,1
blend_stack_2k_smooth,200,3089,376,121,2,6,0,1968,390,45,412,202,0,1,2000,0,1,122.680,125.320,369.700,587.000,398.900,580.700,196.600,272.300,5.900,13.300,43.900,65.700,1,1
blend_stack_2k_noise,200,3522,401,122,2,7,0,2200,444,56,504,235,0,1,2000,0,1,123.040,125.840,417.700,645.300,485.200,718.900,226.400,358.500,6.500,10.800,55.300,75.800,1,1
blend_sphere_256_smooth,200,1776,11241,10583,1,7,0,422,480,57,457,273,0,1,256,0,1,10535.560,10992.600,393.900,989.400,413.600,840.000,218.500,385.400,7.100,12.600,50.100,86.100,1,1
shader_variant_plain_generic,200,243145,414,118,2,4,0,241941,554,43,365,172,0,1,100000,0,1,118.640,121.040,543.600,655.400,331.300,536.100,160.000,263.500,4.400,8.800,40.800,59.600,1,1
shader_variant_plain_auto,200,243255,423,118,2,4,0,242071,558,41,347,169,0,1,100000,0,1,118.600,121.240,550.800,685.500,333.200,495.300,160.000,255.600,4.400,7.700,39.500,61.700,1,1
shader_variant_textured_generic,200,669,386,248,2,2,0,55,168,20,230,137,0,1,1,0,1,245.840,252.200,147.300,281.000,217.300,321.400,131.900,192.800,2.400,5.300,19.400,33.800,1,1
shader_variant_textured_auto,200,689,377,238,2,3,0,56,170,21,239,140,0,1,1,0,1,235.120,242.320,146.600,329.700,226.800,356.400,131.700,211.700,2.600,7.300,19.700,31.000,1,1
shader_variant_shadow_heavy_generic,200,707,387,252,2,3,0,63,174,24,243,143,0,1,1,0,1,250.520,254.800,148.800,345.500,229.200,368.100,134.300,204.000,2.600,6.000,21.200,37.900,1,1
shader_variant_shadow_heavy_auto,200,778,402,247,2,4,0,74,182,25,268,158,0,1,1,0,1,239.560,342.840,163.200,305.500,253.300,374.900,153.700,211.500,3.500,7.400,23.400,38.300,1,1
